feature_index,feature_name,importance
0,type_id,0.000000
1,feat_1,0.000000
2,feat_2,0.000000
3,feat_3,0.000000
4,hour,0.000000
5,feat_5,0.000000
6,feat_6,0.000000
7,feat_7,0.000000
8,feat_8,0.000000
9,feat_9,0.000000
10,feat_10,0.000000
11,feat_11,0.000000
12,feat_12,0.000000
13,feat_13,0.000000
14,feat_14,0.000000
15,feat_15,0.000000
16,feat_16,0.000000
17,feat_17,0.000000